state,action
0,4
1,9
2,4
3,9
4,4
5,1
6,1
7,1
8,1
9,1
10,1
11,1
12,1
13,1
14,1
15,1
16,1
17,1
18,1
19,1
20,1
21,1
22,1
23,1
24,1
25,1
26,1
27,1
28,1
29,1
30,1
31,1
32,1
33,1
34,1
35,1
36,1
37,1
38,1
39,1
40,1
41,1
42,1
43,1
44,1
45,1
46,1
47,1
48,1
49,1
50,1
51,1
52,1
53,1
54,1
55,1
56,1
57,1
58,1
59,1
60,1
61,1
62,1
63,1
64,1
65,1
66,1
67,1
68,1
69,1
70,1
71,1
72,1
73,1
74,1
75,1
76,1
77,1
78,1
79,1
80,1
81,1
82,1
83,1
84,1
85,1
86,1
87,1
88,1
89,1
90,1
91,1
92,1
93,1
94,1
95,1
96,1
97,1
98,1
99,1
100,1
101,1
102,1
103,1
104,1
105,1
106,1
107,1
108,1
109,1
110,1
111,1
112,1
113,1
114,1
115,1
116,1
117,1
118,1
119,1
120,1
121,1
122,1
123,1
124,1
125,1
126,1
127,1
128,1
129,1
130,1
131,1
132,1
133,1
134,1
135,1
136,1
137,1
138,1
139,1
140,1
141,1
142,1
143,1
144,1
145,1
146,1
147,1
148,1
149,1
150,1
151,1
152,1
153,1
154,1
155,1
156,1
157,1
158,1
159,1
160,1
161,1
162,1
163,1
164,1
165,1
166,1
167,1
168,1
169,1
170,1
171,1
172,1
173,1
174,1
175,1
176,1
177,1
178,1
179,1
180,1
181,1
182,1
183,1
184,1
185,1
186,1
187,1
188,1
189,1
190,1
191,1
192,1
193,1
194,1
195,1
196,1
197,1
198,1
199,1
200,1
201,1
202,1
203,1
204,1
205,1
206,1
207,1
208,1
209,1
210,1
211,1
212,1
213,1
214,1
215,1
216,1
217,1
218,1
219,1
220,1
221,1
222,1
223,1
224,1
225,1
226,1
227,1
228,1
229,1
230,1
231,1
232,1
233,1
234,1
235,1
236,1
237,1
238,1
239,1
240,1
241,1
242,1
243,1
244,1
245,1
246,1
247,1
248,1
249,1
250,1
251,1
252,1
253,1
254,1
255,1
256,1
257,1
258,1
259,1
260,1
261,1
262,1
263,1
264,1
265,1
266,1
267,1
268,1
269,1
270,1
271,1
272,1
273,1
274,1
275,1
276,1
277,1
278,1
279,1
280,1
281,1
282,1
283,1
284,1
285,1
286,1
287,1
288,1
289,1
290,1
291,1
292,1
293,1
294,1
295,1
296,1
297,1
298,1
299,1
300,1
301,1
302,1
303,1
304,1
305,1
306,1
307,1
308,1
309,1
310,1
311,1
312,1
313,1
314,1
315,1
316,1
317,1
318,1
319,1
320,1
321,1
322,1
323,1
324,1
325,1
326,1
327,1
328,1
329,1
330,1
331,1
332,1
333,1
334,1
335,1
336,1
337,1
338,1
339,1
340,1
341,1
342,1
343,1
344,1
345,1
346,1
347,1
348,1
349,1
350,1
351,1
352,1
353,1
354,1
355,1
356,1
357,1
358,1
359,1
360,1
361,1
362,1
363,1
364,1
365,1
366,1
367,1
368,1
369,1
370,1
371,1
372,1
373,1
374,1
375,1
376,1
377,1
378,1
379,1
380,1
381,1
382,1
383,1
384,1
385,1
386,1
387,1
388,1
389,1
390,1
391,1
392,1
393,1
394,1
395,1
396,1
397,1
398,1
399,1
400,1
401,1
402,1
403,1
404,1
405,1
406,1
407,1
408,1
409,1
410,1
411,1
412,1
413,1
414,1
415,1
416,1
417,1
418,1
419,1
420,1
421,1
422,1
423,1
424,1
425,1
426,1
427,1
428,1
429,1
430,1
431,1
432,1
433,1
434,1
435,1
436,1
437,1
438,1
439,1
440,1
441,1
442,1
443,1
444,1
445,1
446,1
447,1
448,1
449,1
450,1
451,1
452,1
453,1
454,1
455,1
456,1
457,1
458,1
459,1
460,1
461,1
462,1
463,1
464,1
465,1
466,1
467,1
468,1
469,1
470,1
471,1
472,1
473,1
474,1
475,1
476,1
477,1
478,1
479,1
480,1
481,1
482,1
483,1
484,1
485,1
486,1
487,1
488,1
489,1
490,1
491,1
492,1
493,1
494,1
495,1
496,1
497,1
498,1
499,1
500,1
501,1
502,1
503,1
504,1
505,1
506,1
507,1
508,1
509,1
510,1
511,1
512,1
513,1
514,1
515,1
516,1
517,1
518,1
519,1
520,1
521,1
522,1
523,1
524,1
525,1
526,1
527,1
528,1
529,1
530,1
531,1
532,1
533,1
534,1
535,1
536,1
537,1
538,1
539,1
540,1
541,1
542,1
543,1
544,1
545,1
546,1
547,1
548,1
549,1
550,1
551,1
552,1
553,1
554,1
555,1
556,1
557,1
558,1
559,1
560,1
561,1
562,1
563,1
564,1
565,1
566,1
567,1
568,1
569,1
570,1
571,1
572,1
573,1
574,1
575,1
576,1
577,1
578,1
579,1
580,1
581,1
582,1
583,1
584,1
585,1
586,1
587,1
588,1
589,1
590,1
591,1
592,1
593,1
594,1
595,1
596,1
597,1
598,1
599,1
600,1
601,1
602,1
603,1
604,1
605,1
606,1
607,1
608,1
609,1
610,1
611,1
612,1
613,1
614,1
615,1
616,1
617,1
618,1
619,1
620,1
621,1
622,1
623,1
624,1
625,1
626,1
627,1
628,1
629,1
630,1
631,1
632,1
633,1
634,1
635,1
636,1
637,1
638,1
639,1
640,1
641,1
642,1
643,1
644,1
645,1
646,1
647,1
648,1
649,1
650,1
651,1
652,1
653,1
654,1
655,1
656,1
657,1
658,1
659,1
660,1
661,1
662,1
663,1
664,1
665,1
666,1
667,1
668,1
669,1
670,1
671,1
672,1
673,1
674,1
675,1
676,1
677,1
678,1
679,1
680,1
681,1
682,1
683,1
684,1
685,1
686,1
687,1
688,1
689,1
690,1
691,1
692,1
693,1
694,1
695,1
696,1
697,1
698,1
699,1
700,1
701,1
702,1
703,1
704,1
705,1
706,1
707,1
708,1
709,1
710,1
711,1
712,1
713,1
714,1
715,1
716,1
717,1
718,1
719,1
720,1
721,1
722,1
723,1
724,1
725,1
726,1
727,1
728,1
729,1
730,1
731,1
732,1
733,1
734,1
735,1
736,1
737,1
738,1
739,1
740,1
741,1
742,1
743,1
744,1
745,1
746,1
747,1
748,1
749,1
750,1
751,1
752,1
753,1
754,1
755,1
756,1
757,1
758,1
759,1
760,1
761,1
762,1
763,1
764,1
765,1
766,1
767,1
768,1
769,1
770,1
771,1
772,1
773,1
774,1
775,1
776,1
777,1
778,1
779,1
780,1
781,1
782,1
783,1
784,1
785,1
786,1
787,1
788,1
789,1
790,1
791,1
792,1
793,1
794,1
795,1
796,1
797,1
798,1
799,1
800,1
801,1
802,1
803,1
804,1
805,1
806,1
807,1
808,1
809,1
810,1
811,1
812,1
813,1
814,1
815,1
816,1
817,1
818,1
819,1
820,1
821,1
822,1
823,1
824,1
825,1
826,1
827,1
828,1
829,1
830,1
831,1
832,1
833,1
834,1
835,1
836,1
837,1
838,1
839,1
840,1
841,1
842,1
843,1
844,1
845,1
846,1
847,1
848,1
849,1
850,1
851,1
852,1
853,1
854,1
855,1
856,1
857,1
858,1
859,1
860,1
861,1
862,1
863,1
864,1
865,1
866,1
867,1
868,1
869,1
870,1
871,1
872,1
873,1
874,1
875,1
876,1
877,1
878,1
879,1
880,1
881,1
882,1
883,1
884,1
885,1
886,1
887,1
888,1
889,1
890,1
891,1
892,1
893,1
894,1
895,1
896,1
897,1
898,1
899,1
900,1
901,1
902,1
903,1
904,1
905,1
906,1
907,1
908,1
909,1
910,1
911,1
912,1
913,1
914,1
915,1
916,1
917,1
918,1
919,1
920,1
921,1
922,1
923,1
924,1
925,1
926,1
927,1
928,1
929,1
930,1
931,1
932,1
933,1
934,1
935,1
936,1
937,1
938,1
939,1
940,1
941,1
942,1
943,1
944,1
945,1
946,1
947,1
948,1
949,1
950,1
951,1
952,1
953,1
954,1
955,1
956,1
957,1
958,1
959,1
960,1
961,1
962,1
963,1
964,1
965,1
966,1
967,1
968,1
969,1
970,1
971,1
972,1
973,1
974,1
975,1
976,1
977,1
978,1
979,1
980,1
981,1
982,1
983,1
984,1
985,1
986,1
987,1
988,1
989,1
990,1
991,1
992,1
993,1
994,1
995,1
996,1
997,1
998,1
999,1
1000,1
1001,1
1002,1
1003,1
1004,1
1005,1
1006,1
1007,1
1008,1
1009,1
1010,1
1011,1
1012,1
1013,1
1014,1
1015,1
1016,1
1017,1
1018,1
1019,1
1020,1
1021,1
1022,1
1023,1
1024,1
1025,1
1026,1
1027,1
1028,1
1029,1
1030,1
1031,1
1032,1
1033,1
1034,1
1035,1
1036,1
1037,1
1038,1
1039,1
1040,1
1041,1
1042,1
1043,1
1044,1
1045,1
1046,1
1047,1
1048,1
1049,1
1050,1
1051,1
1052,1
1053,1
1054,1
1055,1
1056,1
1057,1
1058,1
1059,1
1060,1
1061,1
1062,1
1063,1
1064,1
1065,1
1066,1
1067,1
1068,1
1069,1
1070,1
1071,1
1072,1
1073,1
1074,1
1075,1
1076,1
1077,1
1078,1
1079,1
1080,1
1081,1
1082,1
1083,1
1084,1
1085,1
1086,1
1087,1
1088,1
1089,1
1090,1
1091,1
1092,1
1093,1
1094,1
1095,1
1096,1
1097,1
1098,1
1099,1
1100,1
1101,1
1102,1
1103,1
1104,1
1105,1
1106,1
1107,1
1108,1
1109,1
1110,1
1111,1
1112,1
1113,1
1114,1
1115,1
1116,1
1117,1
1118,1
1119,1
1120,1
1121,1
1122,1
1123,1
1124,1
1125,1
1126,1
1127,1
1128,1
1129,1
1130,1
1131,1
1132,1
1133,1
1134,1
1135,1
1136,1
1137,1
1138,1
1139,1
1140,1
1141,1
1142,1
1143,1
1144,1
1145,1
1146,1
1147,1
1148,1
1149,1
1150,1
1151,1
1152,1
1153,1
1154,1
1155,1
1156,1
1157,1
1158,1
1159,1
1160,1
1161,1
1162,1
1163,1
1164,1
1165,1
1166,1
1167,1
1168,1
1169,1
1170,1
1171,1
1172,1
1173,1
1174,1
1175,1
1176,1
1177,1
1178,1
1179,1
1180,1
1181,1
1182,1
1183,1
1184,1
1185,1
1186,1
1187,1
1188,1
1189,1
1190,1
1191,1
1192,1
1193,1
1194,1
1195,1
1196,1
1197,1
1198,1
1199,1
1200,1
1201,1
1202,1
1203,1
1204,1
1205,1
1206,1
1207,1
1208,1
1209,1
1210,1
1211,1
1212,1
1213,1
1214,1
1215,1
1216,1
1217,1
1218,1
1219,1
1220,1
1221,1
1222,1
1223,1
1224,1
1225,1
1226,1
1227,1
1228,1
1229,1
1230,1
1231,1
1232,1
1233,1
1234,1
1235,1
1236,1
1237,1
1238,1
1239,1
1240,1
1241,1
1242,1
1243,1
1244,1
1245,1
1246,1
1247,1
1248,1
1249,1
1250,1
1251,1
1252,1
1253,1
1254,1
1255,1
1256,1
1257,1
1258,1
1259,1
1260,1
1261,1
1262,1
1263,1
1264,1
1265,1
1266,1
1267,1
1268,1
1269,1
1270,1
1271,1
1272,1
1273,1
1274,1
1275,1
1276,1
1277,1
1278,1
1279,1
1280,1
1281,1
1282,1
1283,1
1284,1
1285,1
1286,1
1287,1
1288,1
1289,1
1290,1
1291,1
1292,1
1293,1
1294,1
1295,1
1296,1
1297,1
1298,1
1299,1
1300,1
1301,1
1302,1
1303,1
1304,1
1305,1
1306,1
1307,1
1308,1
1309,1
1310,1
1311,1
1312,1
1313,1
1314,1
1315,1
1316,1
1317,1
1318,1
1319,1
1320,1
1321,1
1322,1
1323,1
1324,1
1325,1
1326,1
1327,1
1328,1
1329,1
1330,1
1331,1
1332,1
1333,1
1334,1
1335,1
1336,1
1337,1
1338,1
1339,1
1340,1
1341,1
1342,1
1343,1
1344,1
1345,1
1346,1
1347,1
1348,1
1349,1
1350,1
1351,1
1352,1
1353,1
1354,1
1355,1
1356,1
1357,1
1358,1
1359,1
1360,1
1361,1
1362,1
1363,1
1364,1
1365,1
1366,1
1367,1
1368,1
1369,1
1370,1
1371,1
1372,1
1373,1
1374,1
1375,1
1376,1
1377,1
1378,1
1379,1
1380,1
1381,1
1382,1
1383,1
1384,1
1385,1
1386,1
1387,1
1388,1
1389,1
1390,1
1391,1
1392,1
1393,1
1394,1
1395,1
1396,1
1397,1
1398,1
1399,1
1400,1
1401,1
1402,1
1403,1
1404,1
1405,1
1406,1
1407,1
1408,1
1409,1
1410,1
1411,1
1412,1
1413,1
1414,1
1415,1
1416,1
1417,1
1418,1
1419,1
1420,1
1421,1
1422,1
1423,1
1424,1
1425,1
1426,1
1427,1
1428,1
1429,1
1430,1
1431,1
1432,1
1433,1
1434,1
1435,1
1436,1
1437,1
1438,1
1439,1
1440,1
1441,1
1442,1
1443,1
1444,1
1445,1
1446,1
1447,1
1448,1
1449,1
1450,1
1451,1
1452,1
1453,1
1454,1
1455,1
1456,1
1457,1
1458,1
1459,1
1460,1
1461,1
1462,1
1463,1
1464,1
1465,1
1466,1
1467,1
1468,1
1469,1
1470,1
1471,1
1472,1
1473,1
1474,1
1475,1
1476,1
1477,1
1478,1
1479,1
1480,1
1481,1
1482,1
1483,1
1484,1
1485,1
1486,1
1487,1
1488,1
1489,1
1490,1
1491,1
1492,1
1493,1
1494,1
1495,1
1496,1
1497,1
1498,1
1499,1
1500,1
1501,1
1502,1
1503,1
1504,1
1505,1
1506,1
1507,1
1508,1
1509,1
1510,1
1511,1
1512,1
1513,1
1514,1
1515,1
1516,1
1517,1
1518,1
1519,1
1520,1
1521,1
1522,1
1523,1
1524,1
1525,1
1526,1
1527,1
1528,1
1529,1
1530,1
1531,1
1532,1
1533,1
1534,1
1535,1
1536,1
1537,1
1538,1
1539,1
1540,1
1541,1
1542,1
1543,1
1544,1
1545,1
1546,1
1547,1
1548,1
1549,1
1550,1
1551,1
1552,1
1553,1
1554,1
1555,1
1556,1
1557,1
1558,1
1559,1
1560,1
1561,1
1562,1
1563,1
1564,1
1565,1
1566,1
1567,1
1568,1
1569,1
1570,1
1571,1
1572,1
1573,1
1574,1
1575,1
1576,1
1577,1
1578,1
1579,1
1580,1
1581,1
1582,1
1583,1
1584,1
1585,1
1586,1
1587,1
1588,1
1589,1
1590,1
1591,1
1592,1
1593,1
1594,1
1595,1
1596,1
1597,1
1598,1
1599,1
1600,1
1601,1
1602,1
1603,1
1604,1
1605,1
1606,1
1607,1
1608,1
1609,1
1610,1
1611,1
1612,1
1613,1
1614,1
1615,1
1616,1
1617,1
1618,1
1619,1
1620,1
1621,1
1622,1
1623,1
1624,1
1625,1
1626,1
1627,1
1628,1
1629,1
1630,1
1631,1
1632,1
1633,1
1634,1
1635,1
1636,1
1637,1
1638,1
1639,1
1640,1
1641,1
1642,1
1643,1
1644,1
1645,1
1646,1
1647,1
1648,1
1649,1
1650,1
1651,1
1652,1
1653,1
1654,1
1655,1
1656,1
1657,1
1658,1
1659,1
1660,1
1661,1
1662,1
1663,1
1664,1
1665,1
1666,1
1667,1
1668,1
1669,1
1670,1
1671,1
1672,1
1673,1
1674,1
1675,1
1676,1
1677,1
1678,1
1679,1
1680,1
1681,1
1682,1
1683,1
1684,1
1685,1
1686,1
1687,1
1688,1
1689,1
1690,1
1691,1
1692,1
1693,1
1694,1
1695,1
1696,1
1697,1
1698,1
1699,1
1700,1
1701,1
1702,1
1703,1
1704,1
1705,1
1706,1
1707,1
1708,1
1709,1
1710,1
1711,1
1712,1
1713,1
1714,1
1715,1
1716,1
1717,1
1718,1
1719,1
1720,1
1721,1
1722,1
1723,1
1724,1
1725,1
1726,1
1727,1
1728,1
1729,1
1730,1
1731,1
1732,1
1733,1
1734,1
1735,1
1736,1
1737,1
1738,1
1739,1
1740,1
1741,1
1742,1
1743,1
1744,1
1745,1
1746,1
1747,1
1748,1
1749,1
1750,1
1751,1
1752,1
1753,1
1754,1
1755,1
1756,1
1757,1
1758,1
1759,1
1760,1
1761,1
1762,1
1763,1
1764,1
1765,1
1766,1
1767,1
1768,1
1769,1
1770,1
1771,1
1772,1
1773,1
1774,1
1775,1
1776,1
1777,1
1778,1
1779,1
1780,1
1781,1
1782,1
1783,1
1784,1
1785,1
1786,1
1787,1
1788,1
1789,1
1790,1
1791,1
1792,1
1793,1
1794,1
1795,1
1796,1
1797,1
1798,1
1799,1
1800,1
1801,1
1802,1
1803,1
1804,1
1805,1
1806,1
1807,1
1808,1
1809,1
1810,1
1811,1
1812,1
1813,1
1814,1
1815,1
1816,1
1817,1
1818,1
1819,1
1820,1
1821,1
1822,1
1823,1
1824,1
1825,1
1826,1
1827,1
1828,1
1829,1
1830,1
1831,1
1832,1
1833,1
1834,1
1835,1
1836,1
1837,1
1838,1
1839,1
1840,1
1841,1
1842,1
1843,1
1844,1
1845,1
1846,1
1847,1
1848,1
1849,1
1850,1
1851,1
1852,1
1853,1
1854,1
1855,1
1856,1
1857,1
1858,1
1859,1
1860,1
1861,1
1862,1
1863,1
1864,1
1865,1
1866,1
1867,1
1868,1
1869,1
1870,1
1871,1
1872,1
1873,1
1874,1
1875,1
1876,1
1877,1
1878,1
1879,1
1880,1
1881,1
1882,1
1883,1
1884,1
1885,1
1886,1
1887,1
1888,1
1889,1
1890,1
1891,1
1892,1
1893,1
1894,1
1895,1
1896,1
1897,1
1898,1
1899,1
1900,1
1901,1
1902,1
1903,1
1904,1
1905,1
1906,1
1907,1
1908,1
1909,1
1910,1
1911,1
1912,1
1913,1
1914,1
1915,1
1916,1
1917,1
1918,1
1919,1
1920,1
1921,1
1922,1
1923,1
1924,1
1925,1
1926,1
1927,1
1928,1
1929,1
1930,1
1931,1
1932,1
1933,1
1934,1
1935,1
1936,1
1937,1
1938,1
1939,1
1940,1
1941,1
1942,1
1943,1
1944,1
1945,1
1946,1
1947,1
1948,1
1949,1
1950,1
1951,1
1952,1
1953,1
1954,1
1955,1
1956,1
1957,1
1958,1
1959,1
1960,1
1961,1
1962,1
1963,1
1964,1
1965,1
1966,1
1967,1
1968,1
1969,1
1970,1
1971,1
1972,1
1973,1
1974,1
1975,1
1976,1
1977,1
1978,1
1979,1
1980,1
1981,1
1982,1
1983,1
1984,1
1985,1
1986,1
1987,1
1988,1
1989,1
1990,1
1991,1
1992,1
1993,1
1994,1
1995,1
1996,1
1997,1
1998,1
1999,1
2000,1
2001,1
2002,1
2003,1
2004,1
2005,1
2006,1
2007,1
2008,1
2009,1
2010,1
2011,1
2012,1
2013,1
2014,1
2015,1
2016,1
2017,1
2018,1
2019,1
2020,1
2021,1
2022,1
2023,1
2024,1
2025,1
2026,1
2027,1
2028,1
2029,1
2030,1
2031,1
2032,1
2033,1
2034,1
2035,1
2036,1
2037,1
2038,1
2039,1
2040,1
2041,1
2042,1
2043,1
2044,1
2045,1
2046,1
2047,1
2048,1
2049,1
2050,1
2051,1
2052,1
2053,1
2054,1
2055,1
2056,1
2057,1
2058,1
2059,1
2060,1
2061,1
2062,1
2063,1
2064,1
2065,1
2066,1
2067,1
2068,1
2069,1
2070,1
2071,1
2072,1
2073,1
2074,1
2075,1
2076,1
2077,1
2078,1
2079,1
2080,1
2081,1
2082,1
2083,1
2084,1
2085,1
2086,1
2087,1
2088,1
2089,1
2090,1
2091,1
2092,1
2093,1
2094,1
2095,1
2096,1
2097,1
2098,1
2099,1
2100,1
2101,1
2102,1
2103,1
2104,1
2105,1
2106,1
2107,1
2108,1
2109,1
2110,1
2111,1
2112,1
2113,1
2114,1
2115,1
2116,1
2117,1
2118,1
2119,1
2120,1
2121,1
2122,1
2123,1
2124,1
2125,1
2126,1
2127,1
2128,1
2129,1
2130,1
2131,1
2132,1
2133,1
2134,1
2135,1
2136,1
2137,1
2138,1
2139,1
2140,1
2141,1
2142,1
2143,1
2144,1
2145,1
2146,1
2147,1
2148,1
2149,1
2150,1
2151,1
2152,1
2153,1
2154,1
2155,1
2156,1
2157,1
2158,1
2159,1
2160,1
2161,1
2162,1
2163,1
2164,1
2165,1
2166,1
2167,1
2168,1
2169,1
2170,1
2171,1
2172,1
2173,1
2174,1
2175,1
2176,1
2177,1
2178,1
2179,1
2180,1
2181,1
2182,1
2183,1
2184,1
2185,1
2186,1
2187,1
2188,1
2189,1
2190,1
2191,1
2192,1
2193,1
2194,1
2195,1
2196,1
2197,1
2198,1
2199,1
2200,1
2201,1
2202,1
2203,1
2204,1
2205,1
2206,1
2207,1
2208,1
2209,1
2210,1
2211,1
2212,1
2213,1
2214,1
2215,1
2216,1
2217,1
2218,1
2219,1
2220,1
2221,1
2222,1
2223,1
2224,1
2225,1
2226,1
2227,1
2228,2
2229,2
2230,2
2231,2
2232,2
2233,2
2234,2
2235,2
2236,2
2237,2
2238,2
2239,2
2240,1
2241,2
2242,2
2243,2
2244,2
2245,2
2246,2
2247,2
2248,2
2249,2
2250,2
2251,2
2252,2
2253,2
2254,2
2255,2
2256,2
2257,1
2258,1
2259,1
2260,2
2261,2
2262,1
2263,2
2264,2
2265,2
2266,1
2267,2
2268,2
2269,2
2270,1
2271,2
2272,2
2273,2
2274,2
2275,2
2276,2
2277,2
2278,2
2279,2
2280,2
2281,2
2282,2
2283,2
2284,2
2285,2
2286,2
2287,2
2288,2
2289,2
2290,2
2291,2
2292,2
2293,2
2294,2
2295,2
2296,2
2297,2
2298,2
2299,2
2300,2
2301,2
2302,2
2303,2
2304,2
2305,2
2306,2
2307,1
2308,2
2309,2
2310,1
2311,1
2312,2
2313,2
2314,2
2315,1
2316,1
2317,1
2318,2
2319,2
2320,2
2321,2
2322,2
2323,1
2324,2
2325,1
2326,2
2327,2
2328,1
2329,1
2330,2
2331,2
2332,2
2333,1
2334,1
2335,1
2336,2
2337,2
2338,2
2339,2
2340,2
2341,2
2342,1
2343,2
2344,2
2345,1
2346,2
2347,2
2348,2
2349,2
2350,2
2351,1
2352,1
2353,1
2354,1
2355,1
2356,2
2357,2
2358,2
2359,2
2360,2
2361,2
2362,2
2363,2
2364,2
2365,2
2366,2
2367,2
2368,2
2369,2
2370,2
2371,2
2372,2
2373,2
2374,2
2375,2
2376,2
2377,2
2378,2
2379,2
2380,2
2381,2
2382,2
2383,2
2384,2
2385,2
2386,2
2387,2
2388,2
2389,2
2390,2
2391,2
2392,2
2393,2
2394,2
2395,2
2396,2
2397,2
2398,1
2399,2
2400,2
2401,2
2402,1
2403,2
2404,2
2405,2
2406,1
2407,2
2408,2
2409,2
2410,1
2411,1
2412,2
2413,1
2414,2
2415,2
2416,2
2417,1
2418,2
2419,2
2420,1
2421,2
2422,2
2423,1
2424,2
2425,1
2426,2
2427,2
2428,2
2429,2
2430,2
2431,2
2432,2
2433,2
2434,2
2435,2
2436,2
2437,2
2438,2
2439,2
2440,2
2441,2
2442,2
2443,2
2444,2
2445,2
2446,2
2447,2
2448,2
2449,2
2450,2
2451,2
2452,2
2453,1
2454,1
2455,1
2456,1
2457,1
2458,1
2459,1
2460,1
2461,1
2462,2
2463,2
2464,2
2465,1
2466,1
2467,2
2468,2
2469,2
2470,2
2471,2
2472,2
2473,2
2474,2
2475,2
2476,1
2477,2
2478,1
2479,2
2480,2
2481,1
2482,1
2483,2
2484,2
2485,2
2486,2
2487,2
2488,2
2489,2
2490,2
2491,2
2492,2
2493,2
2494,2
2495,1
2496,1
2497,2
2498,2
2499,2
2500,2
2501,2
2502,2
2503,2
2504,2
2505,2
2506,2
2507,2
2508,2
2509,2
2510,1
2511,2
2512,1
2513,2
2514,2
2515,1
2516,1
2517,2
2518,1
2519,2
2520,2
2521,1
2522,1
2523,2
2524,2
2525,2
2526,1
2527,1
2528,1
2529,2
2530,2
2531,2
2532,2
2533,2
2534,2
2535,2
2536,2
2537,2
2538,2
2539,2
2540,2
2541,2
2542,2
2543,2
2544,2
2545,2
2546,1
2547,1
2548,2
2549,2
2550,2
2551,2
2552,2
2553,2
2554,2
2555,2
2556,2
2557,2
2558,2
2559,2
2560,2
2561,2
2562,1
2563,2
2564,2
2565,1
2566,1
2567,1
2568,2
2569,2
2570,1
2571,2
2572,1
2573,1
2574,1
2575,2
2576,1
2577,2
2578,2
2579,2
2580,1
2581,2
2582,2
2583,2
2584,2
2585,2
2586,2
2587,2
2588,2
2589,2
2590,2
2591,2
2592,2
2593,2
2594,2
2595,2
2596,1
2597,2
2598,2
2599,2
2600,1
2601,2
2602,2
2603,2
2604,1
2605,1
2606,1
2607,1
2608,1
2609,1
2610,1
2611,1
2612,1
2613,1
2614,1
2615,1
2616,1
2617,1
2618,2
2619,2
2620,2
2621,2
2622,2
2623,2
2624,2
2625,2
2626,2
2627,2
2628,2
2629,2
2630,2
2631,2
2632,2
2633,2
2634,2
2635,2
2636,2
2637,2
2638,2
2639,2
2640,2
2641,2
2642,2
2643,1
2644,2
2645,2
2646,1
2647,1
2648,2
2649,2
2650,2
2651,2
2652,2
2653,2
2654,2
2655,1
2656,2
2657,2
2658,2
2659,1
2660,2
2661,2
2662,2
2663,1
2664,2
2665,2
2666,2
2667,1
2668,1
2669,2
2670,1
2671,1
2672,1
2673,2
2674,1
2675,1
2676,2
2677,1
2678,1
2679,2
2680,1
2681,2
2682,1
2683,1
2684,2
2685,2
2686,2
2687,2
2688,2
2689,2
2690,2
2691,2
2692,2
2693,2
2694,1
2695,1
2696,1
2697,2
2698,2
2699,2
2700,2
2701,2
2702,2
2703,2
2704,2
2705,1
2706,1
2707,1
2708,1
2709,1
2710,2
2711,2
2712,2
2713,2
2714,2
2715,2
2716,1
2717,1
2718,2
2719,1
2720,2
2721,2
2722,2
2723,1
2724,1
2725,1
2726,2
2727,2
2728,2
2729,2
2730,2
2731,2
2732,1
2733,2
2734,2
2735,1
2736,2
2737,1
2738,1
2739,2
2740,2
2741,1
2742,1
2743,1
2744,2
2745,2
2746,2
2747,1
2748,2
2749,2
2750,1
2751,2
2752,2
2753,1
2754,1
2755,1
2756,1
2757,1
2758,1
2759,2
2760,1
2761,1
2762,1
2763,2
2764,1
2765,1
2766,1
2767,2
2768,1
2769,2
2770,2
2771,2
2772,2
2773,2
2774,1
2775,1
2776,1
2777,1
2778,1
2779,1
2780,1
2781,1
2782,1
2783,1
2784,2
2785,2
2786,2
2787,1
2788,1
2789,1
2790,1
2791,1
2792,1
2793,1
2794,1
2795,2
2796,2
2797,2
2798,1
2799,2
2800,1
2801,1
2802,1
2803,1
2804,1
2805,1
2806,1
2807,2
2808,2
2809,2
2810,2
2811,2
2812,2
2813,2
2814,2
2815,2
2816,2
2817,2
2818,2
2819,2
2820,2
2821,2
2822,2
2823,2
2824,2
2825,2
2826,2
2827,2
2828,2
2829,2
2830,2
2831,2
2832,2
2833,2
2834,2
2835,2
2836,2
2837,2
2838,2
2839,1
2840,1
2841,2
2842,2
2843,2
2844,1
2845,2
2846,2
2847,2
2848,1
2849,2
2850,2
2851,1
2852,2
2853,2
2854,1
2855,2
2856,1
2857,2
2858,2
2859,2
2860,1
2861,2
2862,2
2863,2
2864,1
2865,2
2866,2
2867,2
2868,1
2869,2
2870,1
2871,2
2872,1
2873,1
2874,2
2875,1
2876,1
2877,1
2878,2
2879,1
2880,2
2881,1
2882,2
2883,2
2884,2
2885,2
2886,2
2887,2
2888,1
2889,2
2890,2
2891,1
2892,2
2893,2
2894,2
2895,2
2896,2
2897,2
2898,2
2899,2
2900,2
2901,2
2902,1
2903,1
2904,1
2905,1
2906,1
2907,1
2908,3
2909,3
2910,3
2911,1
2912,1
2913,3
2914,3
2915,3
2916,3
2917,3
2918,3
2919,3
2920,3
2921,3
2922,1
2923,3
2924,3
2925,1
2926,3
2927,1
2928,1
2929,3
2930,3
2931,3
2932,3
2933,3
2934,3
2935,3
2936,3
2937,3
2938,3
2939,3
2940,3
2941,1
2942,3
2943,3
2944,3
2945,3
2946,3
2947,3
2948,3
2949,3
2950,3
2951,3
2952,3
2953,3
2954,3
2955,1
2956,3
2957,1
2958,3
2959,3
2960,1
2961,1
2962,3
2963,1
2964,3
2965,3
2966,1
2967,1
2968,3
2969,3
2970,3
2971,1
2972,1
2973,1
2974,3
2975,3
2976,3
2977,3
2978,3
2979,3
2980,3
2981,3
2982,3
2983,3
2984,3
2985,3
2986,3
2987,3
2988,3
2989,3
2990,3
2991,1
2992,3
2993,3
2994,3
2995,3
2996,3
2997,3
2998,3
2999,3
3000,3
3001,3
3002,3
3003,3
3004,3
3005,3
3006,3
3007,1
3008,3
3009,1
3010,1
3011,1
3012,3
3013,1
3014,3
3015,1
3016,3
3017,3
3018,3
3019,1
3020,3
3021,1
3022,1
3023,3
3024,1
3025,3
3026,3
3027,3
3028,3
3029,3
3030,3
3031,3
3032,3
3033,3
3034,3
3035,3
3036,3
3037,3
3038,3
3039,3
3040,3
3041,3
3042,3
3043,3
3044,3
3045,3
3046,3
3047,1
3048,1
3049,1
3050,1
3051,1
3052,1
3053,1
3054,1
3055,1
3056,1
3057,1
3058,1
3059,1
3060,1
3061,1
3062,1
3063,1
3064,1
3065,1
3066,1
3067,1
3068,1
3069,1
3070,1
3071,1
3072,1
3073,1
3074,1
3075,1
3076,1
3077,1
3078,1
3079,1
3080,1
3081,1
3082,1
3083,1
3084,1
3085,1
3086,1
3087,1
3088,1
3089,1
3090,1
3091,1
3092,1
3093,1
3094,1
3095,1
3096,1
3097,1
3098,1
3099,1
3100,1
3101,1
3102,1
3103,1
3104,1
3105,1
3106,1
3107,1
3108,1
3109,1
3110,1
3111,1
3112,1
3113,1
3114,1
3115,1
3116,1
3117,1
3118,1
3119,1
3120,1
3121,1
3122,1
3123,1
3124,1
3125,1
3126,1
3127,1
3128,1
3129,1
3130,1
3131,1
3132,1
3133,1
3134,1
3135,1
3136,1
3137,1
3138,1
3139,1
3140,1
3141,1
3142,1
3143,1
3144,1
3145,1
3146,1
3147,1
3148,1
3149,1
3150,1
3151,1
3152,1
3153,1
3154,1
3155,1
3156,1
3157,1
3158,1
3159,1
3160,1
3161,1
3162,1
3163,1
3164,1
3165,1
3166,1
3167,1
3168,1
3169,1
3170,1
3171,1
3172,1
3173,1
3174,4
3175,4
3176,4
3177,4
3178,4
3179,4
3180,4
3181,4
3182,4
3183,4
3184,4
3185,4
3186,1
3187,4
3188,1
3189,1
3190,4
3191,4
3192,1
3193,4
3194,1
3195,4
3196,4
3197,4
3198,1
3199,4
3200,4
3201,4
3202,1
3203,4
3204,1
3205,1
3206,1
3207,1
3208,4
3209,1
3210,1
3211,1
3212,4
3213,1
3214,1
3215,1
3216,4
3217,1
3218,4
3219,4
3220,4
3221,4
3222,4
3223,4
3224,4
3225,4
3226,1
3227,1
3228,1
3229,1
3230,1
3231,4
3232,4
3233,4
3234,4
3235,1
3236,1
3237,1
3238,1
3239,1
3240,4
3241,4
3242,4
3243,1
3244,4
3245,4
3246,1
3247,1
3248,4
3249,4
3250,1
3251,1
3252,1
3253,5
3254,1
3255,5
3256,5
3257,1
3258,1
3259,1
3260,5
3261,1
3262,1
3263,5
3264,1
3265,1
3266,5
3267,5
3268,1
3269,1
3270,1
3271,9
3272,1
3273,1
3274,6
3275,6
3276,6
3277,1
3278,1
3279,1
3280,1
3281,1
3282,1
3283,1
3284,1
3285,7
3286,1
3287,1
3288,1
3289,1
3290,7
3291,1
3292,1
3293,7
3294,7
3295,1
3296,1
3297,1
3298,1
3299,1
3300,1
3301,1
3302,1
3303,5
3304,5
3305,5
3306,5
3307,5
3308,5
3309,5
3310,5
3311,5
3312,5
3313,5
3314,5
3315,5
3316,5
3317,5
3318,5
3319,5
3320,5
3321,5
3322,5
3323,5
3324,5
3325,5
3326,5
3327,5
3328,1
3329,5
3330,5
3331,1
3332,1
3333,5
3334,5
3335,5
3336,5
3337,5
3338,6
3339,1
3340,6
3341,1
3342,6
3343,6
3344,6
3345,1
3346,6
3347,1
3348,1
3349,6
3350,1
3351,7
3352,1
3353,8
3354,1
3355,9
3356,1
3357,1
3358,7
3359,1
3360,1
3361,1
3362,7
3363,1
3364,1
3365,9
3366,1
3367,1
3368,8
3369,1
3370,1
3371,1
3372,6
3373,6
3374,6
3375,6
3376,6
3377,6
3378,6
3379,6
3380,6
3381,6
3382,1
3383,1
3384,1
3385,7
3386,7
3387,7
3388,7
3389,7
3390,8
3391,1
3392,9
3393,1
3394,1
3395,1
3396,1
3397,1
3398,1
3399,1
3400,1
3401,1
3402,1
3403,1
3404,1
3405,1
3406,1
3407,1
3408,1
3409,3
3410,3
3411,3
3412,3
3413,3
3414,3
3415,3
3416,3
3417,3
3418,3
3419,3
3420,3
3421,3
3422,3
3423,3
3424,3
3425,3
3426,3
3427,3
3428,3
3429,3
3430,3
3431,3
3432,3
3433,3
3434,3
3435,3
3436,3
3437,3
3438,3
3439,3
3440,3
3441,3
3442,3
3443,3
3444,3
3445,3
3446,1
3447,3
3448,3
3449,3
3450,1
3451,3
3452,3
3453,3
3454,1
3455,3
3456,3
3457,3
3458,1
3459,1
3460,3
3461,1
3462,3
3463,3
3464,3
3465,1
3466,3
3467,3
3468,1
3469,3
3470,3
3471,1
3472,3
3473,1
3474,3
3475,3
3476,3
3477,3
3478,3
3479,1
3480,3
3481,3
3482,3
3483,1
3484,1
3485,3
3486,3
3487,3
3488,3
3489,3
3490,3
3491,1
3492,1
3493,3
3494,1
3495,1
3496,3
3497,3
3498,3
3499,3
3500,1
3501,3
3502,3
3503,3
3504,3
3505,3
3506,3
3507,1
3508,3
3509,1
3510,3
3511,3
3512,3
3513,3
3514,1
3515,1
3516,1
3517,3
3518,3
3519,3
3520,3
3521,3
3522,3
3523,1
3524,3
3525,3
3526,1
3527,3
3528,3
3529,3
3530,3
3531,3
3532,1
3533,1
3534,1
3535,1
3536,1
3537,3
3538,3
3539,3
3540,3
3541,3
3542,3
3543,1
3544,3
3545,3
3546,1
3547,1
3548,1
3549,1
3550,1
3551,3
3552,3
3553,1
3554,3
3555,1
3556,1
3557,1
3558,3
3559,1
3560,3
3561,3
3562,3
3563,1
3564,3
3565,3
3566,3
3567,1
3568,1
3569,1
3570,1
3571,1
3572,3
3573,3
3574,3
3575,3
3576,1
3577,3
3578,1
3579,1
3580,1
3581,3
3582,3
3583,3
3584,1
3585,1
3586,3
3587,3
3588,3
3589,3
3590,1
3591,1
3592,1
3593,1
3594,1
3595,3
3596,3
3597,3
3598,3
3599,3
3600,3
3601,3
3602,3
3603,3
3604,3
3605,3
3606,3
3607,3
3608,3
3609,3
3610,3
3611,3
3612,3
3613,3
3614,3
3615,3
3616,3
3617,3
3618,3
3619,3
3620,3
3621,3
3622,3
3623,3
3624,3
3625,3
3626,3
3627,3
3628,3
3629,3
3630,1
3631,3
3632,3
3633,3
3634,3
3635,1
3636,3
3637,3
3638,3
3639,1
3640,3
3641,3
3642,1
3643,3
3644,3
3645,1
3646,3
3647,1
3648,3
3649,3
3650,3
3651,1
3652,3
3653,3
3654,3
3655,1
3656,3
3657,3
3658,3
3659,1
3660,3
3661,1
3662,3
3663,1
3664,3
3665,3
3666,1
3667,3
3668,3
3669,3
3670,1
3671,3
3672,1
3673,3
3674,3
3675,3
3676,3
3677,3
3678,3
3679,1
3680,3
3681,1
3682,3
3683,3
3684,3
3685,3
3686,3
3687,1
3688,3
3689,3
3690,3
3691,1
3692,1
3693,3
3694,3
3695,3
3696,1
3697,1
3698,1
3699,4
3700,4
3701,4
3702,4
3703,4
3704,4
3705,4
3706,4
3707,4
3708,4
3709,4
3710,4
3711,1
3712,1
3713,4
3714,4
3715,4
3716,4
3717,4
3718,4
3719,4
3720,4
3721,4
3722,4
3723,4
3724,4
3725,4
3726,4
3727,1
3728,4
3729,4
3730,1
3731,1
3732,1
3733,4
3734,4
3735,1
3736,4
3737,1
3738,1
3739,1
3740,4
3741,1
3742,4
3743,4
3744,4
3745,1
3746,4
3747,4
3748,4
3749,1
3750,1
3751,4
3752,1
3753,1
3754,4
3755,4
3756,4
3757,4
3758,1
3759,4
3760,1
3761,1
3762,1
3763,4
3764,1
3765,4
3766,4
3767,1
3768,4
3769,4
3770,4
3771,4
3772,1
3773,4
3774,4
3775,4
3776,1
3777,1
3778,4
3779,4
3780,4
3781,5
3782,1
3783,5
3784,5
3785,1
3786,1
3787,5
3788,5
3789,5
3790,1
3791,1
3792,1
3793,5
3794,5
3795,5
3796,5
3797,5
3798,1
3799,7
3800,1
3801,8
3802,1
3803,9
3804,1
3805,1
3806,6
3807,1
3808,1
3809,1
3810,6
3811,6
3812,6
3813,1
3814,1
3815,1
3816,8
3817,1
3818,1
3819,1
3820,7
3821,7
3822,7
3823,1
3824,1
3825,1
3826,1
3827,1
3828,8
3829,8
3830,9
3831,1
3832,1
3833,1
3834,5
3835,5
3836,5
3837,5
3838,5
3839,5
3840,5
3841,5
3842,5
3843,5
3844,5
3845,5
3846,5
3847,5
3848,5
3849,1
3850,5
3851,5
3852,5
3853,1
3854,5
3855,5
3856,5
3857,1
3858,5
3859,5
3860,5
3861,5
3862,5
3863,5
3864,5
3865,5
3866,5
3867,5
3868,5
3869,5
3870,5
3871,6
3872,6
3873,1
3874,6
3875,1
3876,1
3877,1
3878,6
3879,1
3880,6
3881,6
3882,6
3883,1
3884,7
3885,1
3886,8
3887,1
3888,9
3889,1
3890,1
3891,7
3892,1
3893,7
3894,7
3895,7
3896,1
3897,1
3898,1
3899,1
3900,1
3901,1
3902,8
3903,1
3904,9
3905,1
3906,1
3907,6
3908,6
3909,6
3910,6
3911,1
3912,6
3913,6
3914,6
3915,1
3916,1
3917,6
3918,6
3919,6
3920,7
3921,1
3922,7
3923,7
3924,1
3925,8
3926,1
3927,1
3928,1
3929,8
3930,1
3931,9
3932,1
3933,1
3934,1
3935,1
3936,1
3937,1
3938,1
3939,1
3940,1
3941,1
3942,1
3943,4
3944,4
3945,4
3946,4
3947,4
3948,4
3949,4
3950,4
3951,4
3952,4
3953,4
3954,4
3955,4
3956,4
3957,4
3958,4
3959,4
3960,4
3961,4
3962,4
3963,4
3964,4
3965,4
3966,4
3967,4
3968,4
3969,4
3970,4
3971,4
3972,4
3973,4
3974,4
3975,1
3976,1
3977,4
3978,4
3979,4
3980,1
3981,4
3982,4
3983,4
3984,1
3985,4
3986,4
3987,1
3988,4
3989,4
3990,1
3991,4
3992,1
3993,4
3994,4
3995,4
3996,1
3997,4
3998,4
3999,4
4000,1
4001,4
4002,4
4003,4
4004,1
4005,4
4006,1
4007,4
4008,1
4009,1
4010,4
4011,1
4012,1
4013,1
4014,4
4015,1
4016,4
4017,1
4018,4
4019,4
4020,4
4021,4
4022,4
4023,4
4024,1
4025,4
4026,1
4027,1
4028,4
4029,4
4030,4
4031,4
4032,1
4033,4
4034,4
4035,4
4036,1
4037,1
4038,1
4039,1
4040,1
4041,4
4042,4
4043,4
4044,1
4045,5
4046,5
4047,5
4048,5
4049,5
4050,1
4051,1
4052,1
4053,1
4054,1
4055,5
4056,5
4057,5
4058,5
4059,5
4060,5
4061,5
4062,5
4063,1
4064,1
4065,1
4066,5
4067,5
4068,5
4069,5
4070,5
4071,5
4072,5
4073,5
4074,1
4075,5
4076,1
4077,1
4078,1
4079,1
4080,5
4081,5
4082,5
4083,6
4084,6
4085,1
4086,6
4087,1
4088,1
4089,1
4090,6
4091,1
4092,6
4093,6
4094,6
4095,1
4096,1
4097,1
4098,1
4099,1
4100,1
4101,1
4102,1
4103,1
4104,1
4105,7
4106,1
4107,1
4108,1
4109,7
4110,1
4111,1
4112,1
4113,1
4114,8
4115,1
4116,9
4117,1
4118,1
4119,6
4120,6
4121,6
4122,6
4123,1
4124,1
4125,1
4126,1
4127,1
4128,1
4129,1
4130,1
4131,7
4132,7
4133,7
4134,1
4135,1
4136,1
4137,1
4138,1
4139,1
4140,1
4141,1
4142,1
4143,1
4144,7
4145,7
4146,7
4147,1
4148,1
4149,1
4150,1
4151,5
4152,5
4153,5
4154,5
4155,5
4156,5
4157,1
4158,5
4159,5
4160,5
4161,5
4162,5
4163,5
4164,5
4165,5
4166,5
4167,5
4168,5
4169,5
4170,5
4171,5
4172,5
4173,5
4174,5
4175,5
4176,5
4177,1
4178,6
4179,1
4180,6
4181,1
4182,6
4183,6
4184,1
4185,6
4186,6
4187,6
4188,1
4189,6
4190,1
4191,7
4192,1
4193,7
4194,7
4195,7
4196,1
4197,8
4198,1
4199,9
4200,1
4201,1
4202,8
4203,1
4204,9
4205,1
4206,1
4207,7
4208,1
4209,8
4210,1
4211,9
4212,1
4213,1
4214,6
4215,6
4216,6
4217,1
4218,7
4219,7
4220,7
4221,8
4222,8
4223,9
4224,1
4225,1
4226,1
4227,1
4228,2
4229,2
4230,2
4231,2
4232,2
4233,2
4234,2
4235,2
4236,2
4237,2
4238,2
4239,2
4240,2
4241,2
4242,2
4243,2
4244,2
4245,2
4246,2
4247,2
4248,2
4249,2
4250,2
4251,2
4252,2
4253,2
4254,2
4255,2
4256,2
4257,2
4258,2
4259,2
4260,1
4261,2
4262,2
4263,2
4264,2
4265,2
4266,2
4267,2
4268,2
4269,2
4270,2
4271,2
4272,2
4273,2
4274,2
4275,2
4276,2
4277,2
4278,2
4279,2
4280,2
4281,2
4282,2
4283,2
4284,2
4285,2
4286,2
4287,2
4288,2
4289,2
4290,2
4291,2
4292,2
4293,2
4294,2
4295,2
4296,2
4297,2
4298,2
4299,2
4300,2
4301,2
4302,2
4303,2
4304,2
4305,1
4306,1
4307,2
4308,2
4309,2
4310,2
4311,2
4312,1
4313,2
4314,2
4315,1
4316,1
4317,2
4318,2
4319,2
4320,2
4321,2
4322,2
4323,2
4324,2
4325,1
4326,2
4327,2
4328,2
4329,2
4330,2
4331,2
4332,2
4333,2
4334,2
4335,2
4336,2
4337,2
4338,2
4339,2
4340,2
4341,2
4342,2
4343,2
4344,2
4345,2
4346,2
4347,2
4348,2
4349,2
4350,2
4351,2
4352,2
4353,2
4354,2
4355,2
4356,2
4357,2
4358,2
4359,2
4360,2
4361,2
4362,2
4363,2
4364,2
4365,2
4366,2
4367,2
4368,2
4369,2
4370,1
4371,1
4372,1
4373,1
4374,1
4375,1
4376,1
4377,1
4378,1
4379,2
4380,2
4381,2
4382,2
4383,2
4384,2
4385,2
4386,2
4387,2
4388,2
4389,2
4390,2
4391,2
4392,2
4393,2
4394,2
4395,1
4396,2
4397,2
4398,1
4399,1
4400,2
4401,2
4402,2
4403,2
4404,2
4405,2
4406,1
4407,1
4408,2
4409,2
4410,1
4411,2
4412,1
4413,2
4414,2
4415,2
4416,1
4417,2
4418,2
4419,2
4420,2
4421,2
4422,2
4423,2
4424,1
4425,1
4426,2
4427,2
4428,2
4429,2
4430,2
4431,2
4432,2
4433,2
4434,1
4435,2
4436,2
4437,1
4438,2
4439,2
4440,2
4441,2
4442,2
4443,2
4444,2
4445,2
4446,2
4447,2
4448,1
4449,1
4450,1
4451,2
4452,2
4453,2
4454,1
4455,2
4456,2
4457,2
4458,2
4459,2
4460,2
4461,2
4462,2
4463,2
4464,2
4465,1
4466,1
4467,1
4468,2
4469,2
4470,2
4471,2
4472,2
4473,2
4474,2
4475,2
4476,1
4477,1
4478,1
4479,1
4480,1
4481,2
4482,2
4483,2
4484,2
4485,2
4486,2
4487,1
4488,2
4489,2
4490,1
4491,2
4492,2
4493,2
4494,1
4495,2
4496,2
4497,2
4498,2
4499,2
4500,2
4501,1
4502,1
4503,2
4504,1
4505,2
4506,2
4507,2
4508,2
4509,2
4510,2
4511,2
4512,2
4513,2
4514,2
4515,2
4516,2
4517,2
4518,2
4519,2
4520,1
4521,2
4522,2
4523,2
4524,1
4525,2
4526,2
4527,2
4528,1
4529,2
4530,2
4531,2
4532,2
4533,2
4534,2
4535,2
4536,2
4537,2
4538,2
4539,2
4540,2
4541,2
4542,2
4543,2
4544,2
4545,1
4546,1
4547,1
4548,2
4549,2
4550,2
4551,2
4552,2
4553,2
4554,1
4555,2
4556,2
4557,1
4558,1
4559,2
4560,2
4561,2
4562,2
4563,2
4564,1
4565,1
4566,1
4567,1
4568,1
4569,2
4570,2
4571,2
4572,2
4573,2
4574,2
4575,2
4576,2
4577,1
4578,2
4579,2
4580,1
4581,1
4582,2
4583,2
4584,2
4585,2
4586,2
4587,2
4588,1
4589,1
4590,1
4591,2
4592,1
4593,1
4594,2
4595,1
4596,1
4597,2
4598,1
4599,2
4600,1
4601,1
4602,2
4603,2
4604,2
4605,2
4606,2
4607,2
4608,1
4609,1
4610,2
4611,2
4612,2
4613,2
4614,2
4615,2
4616,2
4617,2
4618,2
4619,2
4620,2
4621,2
4622,2
4623,2
4624,1
4625,1
4626,2
4627,2
4628,2
4629,2
4630,2
4631,2
4632,2
4633,2
4634,2
4635,2
4636,2
4637,2
4638,2
4639,2
4640,1
4641,2
4642,2
4643,1
4644,1
4645,1
4646,1
4647,2
4648,2
4649,2
4650,1
4651,1
4652,1
4653,2
4654,2
4655,2
4656,2
4657,2
4658,2
4659,1
4660,1
4661,2
4662,2
4663,1
4664,2
4665,1
4666,2
4667,2
4668,2
4669,1
4670,2
4671,1
4672,2
4673,1
4674,1
4675,1
4676,2
4677,1
4678,1
4679,1
4680,2
4681,1
4682,2
4683,2
4684,2
4685,1
4686,2
4687,2
4688,1
4689,1
4690,2
4691,2
4692,2
4693,2
4694,2
4695,2
4696,2
4697,2
4698,2
4699,2
4700,2
4701,2
4702,2
4703,2
4704,2
4705,1
4706,1
4707,1
4708,2
4709,1
4710,2
4711,2
4712,2
4713,1
4714,2
4715,2
4716,1
4717,2
4718,1
4719,1
4720,1
4721,2
4722,2
4723,2
4724,2
4725,2
4726,2
4727,1
4728,2
4729,2
4730,1
4731,2
4732,2
4733,2
4734,2
4735,2
4736,1
4737,1
4738,1
4739,1
4740,1
4741,1
4742,1
4743,1
4744,1
4745,1
4746,2
4747,2
4748,1
4749,2
4750,1
4751,1
4752,1
4753,1
4754,1
4755,1
4756,1
4757,2
4758,2
4759,2
4760,2
4761,2
4762,1
4763,1
4764,1
4765,1
4766,1
4767,1
4768,1
4769,1
4770,2
4771,2
4772,2
4773,2
4774,2
4775,2
4776,1
4777,1
4778,2
4779,1
4780,2
4781,1
4782,2
4783,1
4784,1
4785,2
4786,1
4787,1
4788,1
4789,2
4790,1
4791,1
4792,1
4793,1
4794,1
4795,2
4796,2
4797,2
4798,2
4799,2
4800,2
4801,1
4802,2
4803,2
4804,2
4805,2
4806,2
4807,2
4808,2
4809,2
4810,2
4811,2
4812,2
4813,2
4814,2
4815,2
4816,2
4817,2
4818,2
4819,2
4820,2
4821,1
4822,2
4823,2
4824,2
4825,2
4826,2
4827,2
4828,2
4829,2
4830,2
4831,2
4832,2
4833,2
4834,2
4835,2
4836,2
4837,2
4838,2
4839,2
4840,2
4841,2
4842,2
4843,2
4844,2
4845,2
4846,2
4847,2
4848,2
4849,2
4850,2
4851,2
4852,2
4853,2
4854,1
4855,1
4856,2
4857,2
4858,2
4859,2
4860,2
4861,1
4862,2
4863,2
4864,2
4865,2
4866,2
4867,2
4868,1
4869,1
4870,2
4871,1
4872,2
4873,2
4874,2
4875,2
4876,2
4877,2
4878,2
4879,2
4880,2
4881,2
4882,2
4883,2
4884,2
4885,2
4886,2
4887,2
4888,2
4889,2
4890,2
4891,2
4892,2
4893,2
4894,2
4895,2
4896,2
4897,2
4898,2
4899,2
4900,2
4901,2
4902,2
4903,2
4904,1
4905,1
4906,2
4907,2
4908,2
4909,2
4910,2
4911,2
4912,2
4913,2
4914,2
4915,2
4916,2
4917,2
4918,2
4919,2
4920,2
4921,1
4922,1
4923,1
4924,1
4925,1
4926,1
4927,1
4928,1
4929,1
4930,1
4931,1
4932,1
4933,1
4934,2
4935,2
4936,2
4937,1
4938,2
4939,2
4940,1
4941,1
4942,2
4943,2
4944,2
4945,2
4946,2
4947,2
4948,2
4949,2
4950,2
4951,2
4952,2
4953,1
4954,1
4955,2
4956,1
4957,2
4958,2
4959,2
4960,1
4961,2
4962,2
4963,1
4964,1
4965,2
4966,2
4967,1
4968,1
4969,1
4970,2
4971,2
4972,2
4973,1
4974,2
4975,2
4976,2
4977,1
4978,2
4979,2
4980,2
4981,2
4982,2
4983,2
4984,1
4985,2
4986,2
4987,1
4988,2
4989,2
4990,2
4991,2
4992,2
4993,2
4994,1
4995,2
4996,2
4997,1
4998,2
4999,2
5000,2
5001,2
5002,2
5003,2
5004,2
5005,2
5006,2
5007,2
5008,1
5009,1
5010,1
5011,2
5012,2
5013,2
5014,1
5015,2
5016,2
5017,2
5018,1
5019,3
5020,3
5021,3
5022,3
5023,3
5024,3
5025,3
5026,3
5027,3
5028,3
5029,3
5030,3
5031,3
5032,3
5033,3
5034,3
5035,3
5036,3
5037,3
5038,3
5039,3
5040,3
5041,3
5042,3
5043,3
5044,3
5045,3
5046,3
5047,3
5048,3
5049,3
5050,3
5051,3
5052,3
5053,3
5054,3
5055,1
5056,3
5057,3
5058,3
5059,3
5060,3
5061,1
5062,1
5063,3
5064,3
5065,3
5066,3
5067,1
5068,3
5069,1
5070,3
5071,3
5072,1
5073,1
5074,3
5075,3
5076,3
5077,1
5078,3
5079,3
5080,3
5081,3
5082,1
5083,1
5084,3
5085,3
5086,3
5087,3
5088,1
5089,3
5090,3
5091,1
5092,1
5093,3
5094,3
5095,3
5096,3
5097,3
5098,3
5099,1
5100,1
5101,3
5102,3
5103,1
5104,3
5105,1
5106,3
5107,3
5108,3
5109,1
5110,3
5111,3
5112,3
5113,3
5114,3
5115,3
5116,3
5117,1
5118,1
5119,3
5120,3
5121,3
5122,3
5123,3
5124,3
5125,3
5126,3
5127,3
5128,3
5129,3
5130,3
5131,3
5132,3
5133,1
5134,3
5135,3
5136,3
5137,3
5138,3
5139,3
5140,3
5141,3
5142,3
5143,3
5144,3
5145,3
5146,3
5147,3
5148,3
5149,1
5150,3
5151,1
5152,1
5153,1
5154,1
5155,3
5156,1
5157,3
5158,3
5159,3
5160,3
5161,3
5162,1
5163,1
5164,3
5165,3
5166,3
5167,1
5168,1
5169,3
5170,3
5171,1
5172,3
5173,1
5174,3
5175,3
5176,3
5177,1
5178,3
5179,1
5180,3
5181,1
5182,1
5183,3
5184,1
5185,1
5186,3
5187,3
5188,3
5189,3
5190,3
5191,1
5192,3
5193,3
5194,1
5195,1
5196,3
5197,3
5198,3
5199,3
5200,3
5201,3
5202,3
5203,3
5204,3
5205,3
5206,3
5207,3
5208,3
5209,3
5210,3
5211,1
5212,1
5213,1
5214,3
5215,3
5216,3
5217,3
5218,3
5219,3
5220,3
5221,3
5222,1
5223,1
5224,1
5225,1
5226,1
5227,3
5228,3
5229,3
5230,3
5231,3
5232,3
5233,1
5234,3
5235,3
5236,1
5237,3
5238,3
5239,1
5240,1
5241,3
5242,3
5243,3
5244,1
5245,3
5246,3
5247,1
5248,1
5249,1
5250,3
5251,1
5252,3
5253,3
5254,3
5255,1
5256,1
5257,1
5258,1
5259,3
5260,3
5261,1
5262,1
5263,3
5264,3
5265,3
5266,1
5267,1
5268,3
5269,3
5270,1
5271,3
5272,3
5273,3
5274,3
5275,3
5276,3
5277,1
5278,1
5279,3
5280,1
5281,3
5282,3
5283,3
5284,1
5285,3
5286,3
5287,1
5288,1
5289,3
5290,3
5291,1
5292,1
5293,1
5294,1
5295,1
5296,1
5297,4
5298,4
5299,4
5300,4
5301,4
5302,4
5303,4
5304,4
5305,4
5306,4
5307,4
5308,4
5309,1
5310,1
5311,4
5312,4
5313,4
5314,4
5315,4
5316,4
5317,4
5318,4
5319,4
5320,4
5321,4
5322,4
5323,4
5324,4
5325,1
5326,4
5327,1
5328,4
5329,1
5330,1
5331,4
5332,1
5333,4
5334,4
5335,1
5336,1
5337,1
5338,4
5339,4
5340,1
5341,1
5342,4
5343,4
5344,4
5345,1
5346,1
5347,4
5348,4
5349,1
5350,4
5351,1
5352,4
5353,4
5354,4
5355,1
5356,4
5357,1
5358,4
5359,1
5360,1
5361,1
5362,4
5363,1
5364,1
5365,1
5366,4
5367,1
5368,4
5369,4
5370,4
5371,1
5372,4
5373,4
5374,1
5375,1
5376,4
5377,4
5378,4
5379,4
5380,4
5381,5
5382,5
5383,5
5384,1
5385,1
5386,5
5387,5
5388,5
5389,5
5390,5
5391,5
5392,5
5393,5
5394,5
5395,1
5396,7
5397,1
5398,8
5399,1
5400,9
5401,1
5402,1
5403,1
5404,6
5405,1
5406,1
5407,6
5408,1
5409,1
5410,6
5411,6
5412,1
5413,1
5414,9
5415,1
5416,1
5417,7
5418,1
5419,1
5420,7
5421,7
5422,1
5423,9
5424,1
5425,1
5426,8
5427,8
5428,9
5429,1
5430,1
5431,1
5432,5
5433,5
5434,5
5435,5
5436,5
5437,5
5438,5
5439,5
5440,1
5441,1
5442,1
5443,1
5444,1
5445,5
5446,5
5447,1
5448,5
5449,5
5450,1
5451,1
5452,1
5453,1
5454,5
5455,5
5456,5
5457,5
5458,5
5459,5
5460,5
5461,5
5462,5
5463,5
5464,1
5465,1
5466,1
5467,6
5468,1
5469,6
5470,6
5471,1
5472,1
5473,1
5474,1
5475,1
5476,1
5477,1
5478,7
5479,1
5480,1
5481,1
5482,1
5483,7
5484,7
5485,1
5486,1
5487,7
5488,7
5489,1
5490,1
5491,1
5492,1
5493,1
5494,1
5495,1
5496,1
5497,6
5498,6
5499,6
5500,1
5501,6
5502,6
5503,1
5504,1
5505,6
5506,6
5507,1
5508,1
5509,1
5510,7
5511,1
5512,1
5513,1
5514,7
5515,1
5516,1
5517,9
5518,1
5519,1
5520,1
5521,1
5522,1
5523,1
5524,1
5525,1
5526,1
5527,1
5528,1
5529,1
5530,1
5531,1
5532,4
5533,4
5534,4
5535,4
5536,4
5537,4
5538,4
5539,4
5540,4
5541,4
5542,4
5543,4
5544,4
5545,4
5546,4
5547,4
5548,4
5549,4
5550,4
5551,4
5552,4
5553,4
5554,4
5555,4
5556,4
5557,4
5558,4
5559,4
5560,4
5561,4
5562,4
5563,4
5564,1
5565,1
5566,4
5567,4
5568,4
5569,4
5570,1
5571,1
5572,4
5573,4
5574,4
5575,1
5576,4
5577,4
5578,4
5579,4
5580,1
5581,1
5582,4
5583,4
5584,1
5585,4
5586,4
5587,4
5588,4
5589,4
5590,1
5591,1
5592,4
5593,4
5594,4
5595,4
5596,1
5597,1
5598,4
5599,4
5600,1
5601,1
5602,4
5603,4
5604,4
5605,1
5606,4
5607,4
5608,4
5609,4
5610,4
5611,4
5612,1
5613,1
5614,4
5615,1
5616,4
5617,4
5618,4
5619,1
5620,4
5621,4
5622,1
5623,1
5624,4
5625,4
5626,1
5627,1
5628,1
5629,4
5630,4
5631,4
5632,1
5633,5
5634,5
5635,5
5636,5
5637,5
5638,5
5639,5
5640,5
5641,5
5642,5
5643,5
5644,5
5645,5
5646,5
5647,5
5648,5
5649,5
5650,5
5651,5
5652,5
5653,5
5654,5
5655,5
5656,5
5657,5
5658,1
5659,5
5660,5
5661,1
5662,1
5663,5
5664,5
5665,5
5666,5
5667,5
5668,6
5669,1
5670,6
5671,6
5672,6
5673,6
5674,6
5675,1
5676,1
5677,6
5678,6
5679,1
5680,1
5681,1
5682,1
5683,1
5684,1
5685,1
5686,1
5687,1
5688,7
5689,1
5690,1
5691,7
5692,7
5693,1
5694,9
5695,1
5696,1
5697,8
5698,8
5699,1
5700,1
5701,1
5702,6
5703,6
5704,6
5705,1
5706,6
5707,6
5708,1
5709,1
5710,6
5711,6
5712,1
5713,1
5714,1
5715,7
5716,1
5717,1
5718,7
5719,7
5720,1
5721,9
5722,1
5723,1
5724,1
5725,1
5726,1
5727,1
5728,1
5729,7
5730,7
5731,7
5732,8
5733,8
5734,9
5735,1
5736,1
5737,1
5738,1
5739,5
5740,5
5741,5
5742,5
5743,5
5744,5
5745,1
5746,5
5747,5
5748,1
5749,5
5750,5
5751,5
5752,5
5753,5
5754,5
5755,5
5756,5
5757,5
5758,5
5759,1
5760,1
5761,1
5762,5
5763,5
5764,5
5765,1
5766,6
5767,6
5768,1
5769,1
5770,6
5771,6
5772,6
5773,1
5774,1
5775,6
5776,6
5777,1
5778,7
5779,7
5780,1
5781,1
5782,7
5783,7
5784,8
5785,1
5786,9
5787,1
5788,1
5789,1
5790,1
5791,1
5792,7
5793,1
5794,8
5795,8
5796,1
5797,1
5798,1
5799,6
5800,6
5801,6
5802,1
5803,7
5804,7
5805,7
5806,8
5807,8
5808,9
5809,1
5810,1
5811,1
5812,1
5813,3
5814,3
5815,3
5816,3
5817,3
5818,3
5819,1
5820,3
5821,3
5822,3
5823,3
5824,3
5825,3
5826,3
5827,3
5828,3
5829,3
5830,3
5831,3
5832,3
5833,3
5834,3
5835,3
5836,3
5837,3
5838,3
5839,1
5840,3
5841,3
5842,3
5843,3
5844,3
5845,3
5846,3
5847,3
5848,3
5849,3
5850,3
5851,3
5852,3
5853,3
5854,3
5855,3
5856,3
5857,3
5858,3
5859,3
5860,3
5861,3
5862,3
5863,3
5864,3
5865,3
5866,3
5867,3
5868,3
5869,3
5870,3
5871,3
5872,1
5873,3
5874,3
5875,3
5876,3
5877,3
5878,3
5879,1
5880,3
5881,3
5882,3
5883,3
5884,3
5885,3
5886,1
5887,1
5888,1
5889,3
5890,3
5891,3
5892,3
5893,3
5894,3
5895,3
5896,3
5897,3
5898,3
5899,3
5900,3
5901,3
5902,3
5903,3
5904,3
5905,3
5906,3
5907,3
5908,3
5909,3
5910,3
5911,3
5912,3
5913,3
5914,3
5915,3
5916,3
5917,3
5918,3
5919,3
5920,3
5921,3
5922,1
5923,3
5924,3
5925,3
5926,3
5927,3
5928,3
5929,3
5930,3
5931,3
5932,3
5933,3
5934,3
5935,3
5936,3
5937,3
5938,3
5939,1
5940,1
5941,1
5942,1
5943,1
5944,1
5945,1
5946,1
5947,1
5948,1
5949,1
5950,1
5951,1
5952,3
5953,3
5954,3
5955,3
5956,3
5957,3
5958,3
5959,3
5960,3
5961,3
5962,3
5963,3
5964,3
5965,3
5966,3
5967,3
5968,3
5969,3
5970,3
5971,1
5972,1
5973,1
5974,3
5975,3
5976,3
5977,3
5978,1
5979,1
5980,3
5981,1
5982,1
5983,1
5984,1
5985,3
5986,3
5987,3
5988,3
5989,3
5990,3
5991,1
5992,3
5993,3
5994,3
5995,1
5996,3
5997,3
5998,3
5999,3
6000,3
6001,3
6002,1
6003,3
6004,3
6005,1
6006,3
6007,3
6008,3
6009,3
6010,3
6011,3
6012,1
6013,3
6014,3
6015,1
6016,3
6017,3
6018,3
6019,3
6020,3
6021,3
6022,3
6023,3
6024,3
6025,3
6026,1
6027,1
6028,1
6029,3
6030,3
6031,3
6032,1
6033,3
6034,3
6035,3
6036,1
6037,4
6038,4
6039,4
6040,4
6041,4
6042,4
6043,4
6044,4
6045,4
6046,4
6047,4
6048,4
6049,4
6050,4
6051,1
6052,4
6053,4
6054,4
6055,1
6056,4
6057,4
6058,1
6059,4
6060,4
6061,1
6062,4
6063,1
6064,4
6065,4
6066,4
6067,4
6068,4
6069,4
6070,4
6071,1
6072,4
6073,4
6074,4
6075,4
6076,4
6077,4
6078,4
6079,4
6080,1
6081,1
6082,1
6083,1
6084,1
6085,4
6086,4
6087,4
6088,4
6089,4
6090,4
6091,4
6092,1
6093,4
6094,1
6095,1
6096,1
6097,4
6098,1
6099,4
6100,4
6101,4
6102,1
6103,4
6104,4
6105,4
6106,4
6107,4
6108,1
6109,1
6110,1
6111,1
6112,1
6113,4
6114,4
6115,4
6116,4
6117,4
6118,4
6119,4
6120,4
6121,4
6122,1
6123,1
6124,1
6125,4
6126,4
6127,1
6128,4
6129,1
6130,1
6131,4
6132,1
6133,1
6134,1
6135,1
6136,4
6137,1
6138,4
6139,4
6140,4
6141,1
6142,5
6143,5
6144,5
6145,5
6146,5
6147,5
6148,5
6149,5
6150,5
6151,5
6152,5
6153,5
6154,5
6155,5
6156,5
6157,1
6158,5
6159,5
6160,5
6161,1
6162,5
6163,5
6164,5
6165,1
6166,5
6167,5
6168,5
6169,5
6170,5
6171,5
6172,5
6173,5
6174,5
6175,5
6176,5
6177,5
6178,5
6179,6
6180,6
6181,6
6182,1
6183,1
6184,1
6185,6
6186,6
6187,6
6188,6
6189,6
6190,1
6191,1
6192,1
6193,1
6194,1
6195,1
6196,1
6197,1
6198,1
6199,7
6200,7
6201,7
6202,7
6203,7
6204,1
6205,1
6206,1
6207,1
6208,1
6209,8
6210,8
6211,9
6212,1
6213,1
6214,1
6215,6
6216,6
6217,6
6218,1
6219,1
6220,6
6221,1
6222,1
6223,1
6224,1
6225,6
6226,6
6227,6
6228,7
6229,1
6230,1
6231,1
6232,1
6233,1
6234,1
6235,1
6236,8
6237,1
6238,9
6239,1
6240,1
6241,7
6242,7
6243,7
6244,8
6245,8
6246,9
6247,1
6248,1
6249,1
6250,1
6251,5
6252,5
6253,5
6254,5
6255,5
6256,5
6257,1
6258,5
6259,5
6260,1
6261,5
6262,1
6263,5
6264,1
6265,5
6266,5
6267,1
6268,5
6269,5
6270,5
6271,1
6272,1
6273,5
6274,5
6275,5
6276,1
6277,6
6278,6
6279,6
6280,6
6281,6
6282,1
6283,1
6284,1
6285,1
6286,1
6287,1
6288,1
6289,1
6290,7
6291,1
6292,7
6293,7
6294,7
6295,1
6296,1
6297,1
6298,1
6299,1
6300,1
6301,1
6302,1
6303,1
6304,7
6305,7
6306,7
6307,1
6308,1
6309,1
6310,1
6311,6
6312,6
6313,6
6314,1
6315,7
6316,1
6317,8
6318,1
6319,9
6320,1
6321,1
6322,1
6323,1
6324,1
6325,1
6326,1
6327,1
6328,1
6329,1
6330,1
6331,1
6332,1
6333,1
6334,1
6335,1
6336,1
6337,1
6338,1
6339,1
6340,1
6341,1
6342,1
6343,1
6344,1
6345,1
6346,1
6347,1
6348,1
6349,1
6350,1
6351,1
6352,1
6353,1
6354,1
6355,1
6356,1
6357,1
6358,1
6359,1
6360,1
6361,1
6362,1
6363,1
6364,1
6365,1
6366,1
6367,1
6368,1
6369,1
6370,1
6371,1
6372,1
6373,1
6374,1
6375,1
6376,1
6377,1
6378,1
6379,1
6380,1
6381,1
6382,1
6383,1
6384,1
6385,1
6386,1
6387,1
6388,1
6389,1
6390,1
6391,1
6392,1
6393,1
6394,1
6395,1
6396,1
6397,1
6398,1
6399,1
6400,1
6401,1
6402,1
6403,1
6404,1
6405,1
6406,1
6407,1
6408,1
6409,1
6410,1
6411,1
6412,1
6413,1
6414,1
6415,1
6416,1
6417,1
6418,1
6419,1
6420,1
6421,1
6422,1
6423,1
6424,1
6425,1
6426,1
6427,1
6428,1
6429,1
6430,1
6431,1
6432,1
6433,1
6434,1
6435,1
